"term","Estimate","Std. Error","t value","Pr(>|t|)"
"Intercept",-9.7,0.58,-16.59,4.2727136272239e-34
"PC1",0.71,0.19,3.84,0.000191485806102674
"PC2",-2.36,0.4,-5.97,2.10974120612943e-08
